,Time,sailActive,sailPosX,sailPosY,sailPosZ,earthPosX,earthPosY,earthPosZ,distanceToNEO
0,0.0,0,0.3509455068803919,-0.9540982489007054,0.0,0.34461671494872964,-0.9563787340343336,5.124443734039815e-05,0.46068884747652217
1,5.0,0,0.4289695170140246,-0.9213750284065871,0.0,0.4228523012915211,-0.9241739374009608,5.1932035215354785e-05,0.48098348286280485
2,10.0,0,0.5039718921424422,-0.8821601162327845,0.0,0.4981088028411467,-0.8854583587351094,5.225377050127454e-05,0.5016770831056283
3,15.0,0,0.5754202038344817,-0.8367228691349083,0.0,0.5698521756848087,-0.8404979561913284,5.2206974603921256e-05,0.5224729606153431
4,20.0,0,0.64280458995141,-0.7853752386752711,0.0,0.6375706847929439,-0.7896014020122668,5.179145343468277e-05,0.5431100803333324
5,25.0,0,0.7056410045160391,-0.7284701179426508,0.0,0.7007781596304379,-0.7331184466066929,5.100950303767327e-05,0.563358759570571
6,30.0,0,0.7634743882536773,-0.6663994639059286,0.0,0.7590171712591507,-0.6714380585932211,4.986591327228451e-05,0.5830164435252477
7,35.0,0,0.8158817481032281,-0.5995921909923044,0.0,0.8118621194003875,-0.6049863364158592,4.8367959048539273e-05,0.6019038871979611
8,40.0,0,0.8624751318641316,-0.5285118313604141,0.0,0.8589222157824499,-0.5342241870110284,4.652537854947145e-05,0.6198618743600576
9,45.0,0,0.9029044817698394,-0.4536539577077638,0.0,0.8998443477688087,-0.45964476730704534,4.435033782541211e-05,0.6367484943605695
10,50.0,0,0.9368603483474588,-0.37554336523655774,0.0,0.9343158038089183,-0.3817706851135332,4.1857381113246426e-05,0.6524369438223727
11,55.0,0,0.9640764433973817,-0.2947310107603985,0.0,0.962066839749153,-0.30115095725052854,3.906336622316792e-05,0.6668137988322984
12,60.0,0,0.9843320084727482,-0.21179070880226405,0.0,0.9828730625685614,-0.2183577246087315,3.598738434988999e-05,0.6797776992435607
13,65.0,0,0.9974539728970012,-0.12731558700957074,0.0,0.9965576057567984,-0.1339827262457238,3.265066370817719e-05,0.6912383912399669
14,70.0,0,1.0033188732709764,-0.04191430618978378,0.0,1.0029930684327493,-0.04863353761755548,2.9076456467115294e-05,0.7011160825034091
15,75.0,0,1.001854504645345,0.043792945893841424,5.0579817132879405e-05,1.0021031885235907,0.03707041838609169,2.5289908566439702e-05,0.7093462658835675
16,80.0,0,0.9930412723127525,0.1291786741404442,4.2635824286957275e-05,0.9938642190030709,0.12250207481863443,2.1317912143478637e-05,0.7158575080014361
17,85.0,0,0.9769132124039777,0.2136124910481876,3.4377880963912456e-05,0.9783059754453203,0.20703112106518937,1.7188940481956228e-05,0.7206068299080094
18,90.0,0,0.9535586495506351,0.2964657043266128,2.5865731228013372e-05,0.9555125231062256,0.2900285778024662,1.2932865614006686e-05,0.7235549909804826
19,95.0,0,0.923120460684522,0.37711604885578476,1.7161517925894454e-05,0.9256224725118994,0.37087151872340124,8.580758962947227e-06,0.7246736634166044
20,100.0,0,0.8857959157960518,0.4549525292342392,8.329351407502404e-06,0.8888288542145538,0.44894790565663817,4.164675703751202e-06,0.7239461424005101
21,105.0,0,0.8418360692481358,0.5293803334619934,-5.651523275574458e-07,0.8453785460531427,0.5236614981042573,-2.825761637787229e-07,0.7213682370358032
22,110.0,0,0.7915446790425714,0.5998257729184512,-9.45536138748658e-06,0.7955712299868355,0.5944367927503305,-4.72768069374329e-06,0.7169493270182196
23,115.0,0,0.7352766363336646,0.665741198664678,-1.8274142269501313e-05,0.7397578603786628,0.6607239433574768,-9.137071134750657e-06,0.7107135618806139
24,120.0,0,0.6734358934450254,0.7266098395636872,-2.695439456652633e-05,0.6783386314805571,0.7220036068830952,-1.3477197283263165e-05,0.7027011674487066
25,125.0,1,0.6060676852474621,0.7811148577969628,-3.3116430832660874e-05,0.6117604387513574,0.7777916578324294,-1.7714800648277674e-05,0.6924519959055491
26,130.0,1,0.5348886224744188,0.8304378811437416,0.0001261421452196951,0.540513836419843,0.8276437100407851,-2.1817194692921047e-05,0.6808568633744103
27,135.0,1,0.4603414019220493,0.8742931328193169,0.0004362325078503413,0.4651295022303183,0.8711593834462521,-2.5752547117936276e-05,0.6679087854800214
28,140.0,1,0.3828780413776073,0.9124656189562725,0.000853786638870941,0.38617422937468326,0.9079862531564586,-2.949016089718411e-05,0.6536471567370589
29,145.0,1,0.30296644252316124,0.9447811305564585,0.0012851140064722788,0.30424647497533036,0.9378234193689208,-3.300075057899876e-05,0.6381293879324433
30,150.0,1,0.22113096257981965,0.971063582543248,0.0015871649355595821,0.21997150385367606,0.960424639566734,-3.625671024119549e-05,0.6213731203507306
31,155.0,1,0.1380071507495337,0.9911030287383575,0.0016333542297021794,0.13399617539084208,0.9756009689128096,-3.923236944147991e-05,0.6032900560280098
32,160.0,1,0.054323076252419625,1.0046625617929823,0.0014434340484414455,0.04698342973830892,0.9832228608741043,-4.190423354616798e-05,0.5836921190616112
33,165.0,1,-0.029376451001232498,1.0117866402515219,0.0010156112230128949,-0.04039346284781837,0.9832216877200645,-4.4251204952466674e-05,0.5626971873575131
34,170.0,1,-0.11260135344405367,1.0126049241244677,0.0003337441264798065,-0.12745681950510754,0.9755906494858736,-4.625478194391268e-05,0.5404947135269899
35,175.0,1,-0.19489440915702805,1.0072865880555364,-0.000609449672713225,-0.21353055425693604,0.9603850500332974,-4.78992322306523e-05,0.5172941227263963
36,180.0,1,-0.27583253376567085,0.9960337258679097,-0.0018117514100993702,-0.29794620160452134,0.9377219296904923,-4.9171738620462814e-05,0.4933175231739905
37,185.0,1,-0.355026701117663,0.979075387851749,-0.0032611033425076165,-0.380048875090932,0.9077790552683871,-5.0062514730084486e-05,0.468791648985487
38,190.0,1,-0.4321207838489742,0.9566624570999013,-0.004935632821103363,-0.4592030824180162,0.8707932796755067,-5.056488916703055e-05,0.4439395082150092
39,195.0,1,-0.506789622646922,0.9290634789025226,-0.006804094122081524,-0.5347983213156361,0.8270582945108643,-5.067535717223288e-05,0.41897225929771187
40,200.0,1,-0.5787366411041299,0.8965614626584223,-0.008826776632330873,-0.6062543848007453,0.7769218095508971,-5.0393599295669476e-05,0.394081838408014
41,205.0,1,-0.6476913108001449,0.8594515832557869,-0.010956912512837992,-0.6730263105933201,0.7207822026075664,-4.97224672615242e-05,0.3694348126966245
42,210.0,1,-0.7134067385343046,0.8180396237141346,-0.013142591148960017,-0.7346089169802291,0.659084691568727,-4.866793774741821e-05,0.3451678501976077
43,215.0,1,-0.7756575949760365,0.7726409294348789,-0.015329150401940966,-0.7905408761435364,0.5923170872604097,-4.7239035336416837e-05,0.3213850868660847
44,220.0,1,-0.8342385330704473,0.723579594276855,-0.0174619665040535,-0.8404082855016217,0.5210051909711884,-4.544772638486876e-05,0.2981575414021858
45,225.0,1,-0.8889631591618333,0.6711875781873584,-0.01948950844433531,-0.8838477076569858,0.4457079039369843,-4.3308785970789306e-05,0.2755245820953998
46,230.0,1,-0.9396635268927194,0.6158034729089062,-0.021366464811859612,-0.9205486597455388,0.3670121177931576,-4.0839640436513405e-05,0.2534972896841621
47,235.0,1,-0.9861900338332186,0.5577706910229747,-0.023056699994039982,-0.9502555430160903,0.28552745501075977,-3.806018830930443e-05,0.23206339425369155
48,240.0,1,-1.0284115264840104,0.49743495345804556,-0.024535762893219713,-0.9727690130376638,0.20188092676156533,-3.499260257160787e-05,0.21119330954598975
49,245.0,1,-1.066215374407202,0.4351410832319342,-0.02579266549927696,-0.987946799778934,0.11671157267020418,-3.166111735916197e-05,0.1908466702729032
50,250.0,1,-1.0995072700204207,0.3712292621730086,-0.026830678954129196,-0.995703994720502,0.03066514271940273,-2.8091802193765204e-05,0.1709787264295329
51,255.0,1,-1.1282112125784005,0.30603082961758604,-0.027666919344508666,-0.9960128289925809,-0.05561112358937851,-2.431232681430829e-05,0.1515465660729842
52,260.0,1,-1.152371988987151,0.23982314952777822,-0.02831411753323143,-0.9889019721789771,-0.14147357160474608,-2.0351719562936378e-05,0.13260067265784622
53,265.0,1,-1.1720337346186485,0.17286708771248938,-0.028779556938242832,-0.9744553858476882,-0.22628701657034986,-1.6240122122611496e-05,0.11417418070437471
54,270.0,1,-1.187240457370153,0.1054127861598554,-0.02906610790123957,-0.9528107690629005,-0.3094294030906189,-1.2008543198487378e-05,0.0962842821941131
55,275.0,1,-1.198037358483756,0.037703405006877314,-0.02917271179479471,-0.9241576351496634,-0.39029620937603676,-7.688613499291994e-06,0.07893394622254965
56,280.0,1,-1.2044721642456864,-0.030022975760484974,-0.02909412793349358,-0.8887350599035163,-0.46830457306325346,-3.312344117070792e-06,0.06211351625826476
57,285.0,1,-1.206595904336342,-0.0975331058969754,-0.028820058124836696,-0.8468291413727855,-0.5428971215000375,1.0881098656655476e-06,0.04580205377632439
58,290.0,1,-1.2044626997717176,-0.16459981880702856,-0.028334052066835563,-0.798770210419955,-0.6135454950069282,5.480678983907188e-06,0.029968638000633915
59,295.0,1,-1.1981281960322807,-0.23100457886619613,-0.027612912145725987,-0.7449298296310515,-0.6797535566768943,9.833600921412491e-06,0.01457490435496824
60,300.0,1,-1.1876463994698054,-0.29654081819752787,-0.02662763204207914,-0.6857176159327809,-0.7410602866848929,1.4115632926442244e-05,0.0006400930049316356
61,305.0,1,-1.173064998866993,-0.3610169749277177,-0.02534707750873022,-0.6215779196396312,-0.7970423628120511,1.8296254307854417e-05,0.015118173653393824
62,310.0,1,-1.1544199261235844,-0.4242573591323977,-0.023745367745796397,-0.5529863897241063,-0.8473164319321845,2.2345858419725924e-05,0.029501279694609847
63,315.0,1,-1.1317309509003364,-0.48609834462287255,-0.021812876980192845,-0.4804464520094826,-0.8915410795712333,2.623593372950591e-05,0.043653487880262645
64,320.0,1,-1.1050012116857835,-0.5463776062797089,-0.019568712044252604,-0.404485723841109,-0.9294185063602582,2.9939233724215433e-05,0.05761861558703379
65,325.0,1,-1.0742239558378641,-0.6049160600768638,-0.017069737158078198,-0.32565238569958904,-0.9606959213024261,3.3429935540564425e-05,0.07143697479728683
66,330.0,1,-1.0393981683496887,-0.661496284017631,-0.014409075621289126,-0.24451152726452524,-0.9851666623159454,3.6683787307996284e-05,0.08514973186904712
67,335.0,1,-1.000550309465497,-0.7158465093074428,-0.011698145076864664,-0.16164148269287282,-1.0026710545586366,3.9678244269313607e-05,0.09880963533004246
68,340.0,1,-0.957800074056038,-0.7677394914598786,-0.009006273753658426,-0.07763016740119502,-1.0130970166501763,4.239259379290597e-05,0.11243516195630597
69,345.0,1,-0.9112866456233815,-0.8169660536449793,-0.0063672383923630855,0.006928573522651011,-1.016380424152886,4.480806941556735e-05,0.1260589647681332
70,350.0,1,-0.8611586044220916,-0.8633360072269516,-0.0037803452302112017,0.09143859694692115,-1.0125052386172868,4.690795405677886e-05,0.1397309433756749
71,355.0,1,-0.807577645381136,-0.9066739703032126,-0.001205178123601186,0.17530506649058766,-1.0015034092176767,4.8677672528299694e-05,0.1535201210482721
72,360.0,1,-0.7507360159635537,-0.946804362527114,0.0014412533556610735,0.2579380246199857,-0.9834545525530916,5.0104873426297095e-05,0.16751175881073577
73,365.0,1,-0.6908877308168992,-0.9835308389968369,0.004265521506623671,0.33875592684380634,-0.9584854146464719,5.117950044329156e-05,0.18178375394627078
74,370.0,1,-0.6283711386849185,-1.0166300346867196,0.007335814435649325,0.4171891330268647,-0.9267691175940139,5.1893853073810206e-05,0.1963527766641349
75,375.0,1,-0.5634629140743442,-1.045910125852622,0.010635216492607298,0.49268335068012165,-0.8885241917648395,5.224263661513386e-05,0.21119774800492613
76,380.0,1,-0.4962770488399953,-1.0712242378247006,0.014131101422304806,0.5647030245290343,-0.8440133929882011,5.222300128537876e-05,0.22636286943254022
77,385.0,1,-0.42695878025970957,-1.0924142577219373,0.017760894653566065,0.6327346657469645,-0.7935423028418811,5.183457019845855e-05,0.24187076852298098
78,390.0,1,-0.355691687695266,-1.1093138056855267,0.021447016744356468,0.6962901129370336,-0.7374577090602058,5.107945585237968e-05,0.2577261857460672
79,395.0,1,-0.2826983226361478,-1.1217547504888998,0.02510936159061526,0.7549097153842443,-0.6761457622105531,4.9962264707202305e-05,0.273920048148628
80,400.0,1,-0.2082366386918321,-1.1295745984621481,0.02867389780568238,0.8081654271829947,-0.6100299042763824,4.849008935508748e-05,0.2904331339659515
81,405.0,1,-0.1325944695909696,-1.1326231553567399,0.032077626326137004,0.8556637987342929,-0.5395685646192776,4.667248772088479e-05,0.3072389661942581
82,410.0,1,-0.05608374199105698,-1.1307678293776493,0.03527089945510751,0.8970488497840068,-0.46525261906358867,4.4521448681219704e-05,0.32430584452008954
83,415.0,1,0.020964541076527288,-1.1238975914834748,0.03821824412578491,0.9320048057275082,-0.3876026085867898,4.205134345680587e-05,0.3415980267512068
84,420.0,1,0.0982040160727152,-1.1119259564844808,0.04089860110192437,0.9602586764024517,-0.3071657153518928,3.927886212047865e-05,0.3590760256642869
85,425.0,1,0.17527515665946322,-1.0947935077448196,0.043305484017627925,0.9815826541133437,-0.22451249561849607,3.622293457591747e-05,0.3766958399319395
86,430.0,1,0.25180593438976634,-1.0724705615003034,0.04544707977730607,0.9957963052715327,-0.1402333714398782,3.290463540271884e-05,0.39440676191324003
87,435.0,1,0.3274111554232709,-1.0449605839933738,0.047345805030392124,1.0027685278948832,-0.05493488600541784,2.9347072035611805e-05,0.4121473201104847
88,440.0,1,0.40169110615009423,-1.0123048611202938,0.04903636874118252,1.0024192454036671,0.030764268985306303,2.5575255851898632e-05,0.429839099975765
89,445.0,1,0.47423082313269854,-0.9745884999009633,0.05056113064113976,0.9947208057904169,0.11623744145283307,2.161595588372126e-05,0.4473788588794782
90,450.0,1,0.5446021087208278,-0.9319469162198051,0.05196180082042745,0.9796990544523426,0.20085440552782602,1.749753505166793e-05,0.4646306409846694
91,455.0,1,0.6123708451593791,-0.8845705321192179,0.053267703281943225,0.9574340488752546,0.28398592454364474,1.3249769033616107e-05,0.4814213007725824
92,460.0,1,0.6771113623913917,-0.83270401423044,0.05448314839023256,0.9280603840620506,0.36500846302826806,8.90364813632878e-06,0.4975441007905394
93,465.0,1,0.7384267968833761,-0.7766363860142621,0.05557940817517035,0.8917670992092891,0.44330901473868006,4.491162824402304e-06,0.5127742569018681
94,470.0,1,0.7959698018281447,-0.7166815117580829,0.056498531724479224,0.8487971387367821,0.5182900081714694,4.507387730665582e-08,0.526895772412736
95,475.0,1,0.8494540205115457,-0.6531553565712326,0.057173802993994584,0.7994463444270258,0.589374245495917,-4.401331515732503e-06,0.5397305969938807
96,480.0,1,0.8986543216290462,-0.5863551216567803,0.05757428857705487,0.7440619601611171,0.6560098256887095,-8.814496059360861e-06,0.5511669146444996
97,485.0,1,0.9433463560576381,-0.5166230602654184,0.057712561858405544,0.6830406365348033,0.7176749980157952,-1.3160859031441081e-05,0.5610755728865676
98,490.0,1,0.9833478289827295,-0.4442797637066283,0.05765054528623406,0.6168259294475249,0.7738828881282293,-1.7407130962140337e-05,0.5693822620960147
99,495.0,1,1.0184854335367979,-0.3697852173458205,0.05726819068244708,0.5459052944763478,0.8241860361338469,-2.1520573601904307e-05,0.5758475933201956
100,500.0,1,1.0485701590535879,-0.29362979491443697,0.05654705191849008,0.4708065873235959,0.8681806842813686,-2.5469282164022578e-05,0.5802313563399724
101,505.0,1,1.073454730272103,-0.21627942197223177,0.05553326842240758,0.3920940896615933,0.9055107515292775,-2.922246656881985e-05,0.582350833548914
102,510.0,1,1.093052005669536,-0.13816556313149053,0.05428500290367599,0.3103640890459303,0.9358714334126335,-3.275072821549749e-05,0.5820811187981028
103,515.0,1,1.1073365194569482,-0.05969572719286308,0.05284224096946714,0.22624005094874816,0.9590123683630559,-3.602632867607655e-05,0.579337953878704
104,520.0,1,1.1163423552649405,0.018738988174604912,0.05121641494421114,0.14036743006671298,0.9747403160184008,-3.9023446653725e-05,0.5740675723630921
105,525.0,1,1.1201596861940073,0.0967681447760829,0.04938913058913658,0.05340817657684424,0.9829212990497674,-4.171841958196407e-05,0.5662502919544551
106,530.0,1,1.1189274788355867,0.17405802300257983,0.047316329677963335,-0.03396499942776925,0.9834821675456183,-4.408996636801489e-05,0.5559177579671639
107,535.0,1,1.1128187975867372,0.25033351031218926,0.04494321147587285,-0.12107453564735525,0.9764115538382818,-4.611938799882403e-05,0.5431797435076917
108,540.0,1,1.102018366323468,0.32538919650139614,0.042238248158722756,-0.20724402293169167,0.9617601956413928,-4.779074303704447e-05,0.5282459429012272
109,545.0,1,1.0867022086876672,0.3990605260769977,0.039239880974957564,-0.29180423052721555,0.9396406161572973,-4.9090995420474834e-05,0.5114125368254808
110,550.0,1,1.067039023402345,0.47113827459088714,0.036069285701796905,-0.3740990721203301,0.910226161112132,-5.0010132438545384e-05,0.4929904374831398
111,555.0,1,1.0432122831118407,0.5412838953944645,0.03283743975748181,-0.45349143413911497,0.8737494041040107,-5.054125127610655e-05,0.4732284413921484
112,560.0,1,1.0153985930224025,0.6090973406359833,0.0295173194781526,-0.5293687902548474,0.8304999428406568,-5.0680613072681776e-05,0.452396941306518
113,565.0,1,0.9837442672271005,0.6742604083082202,0.02609491174062379,-0.6011485303442815,0.7808216194300168,-5.042766402618088e-05,0.4309770520963844
114,570.0,1,0.9483963849764733,0.7365072577798223,0.022556228706530995,-0.6682829381488427,0.7251092075541975,-4.978502365496992e-05,0.409666197318103
115,575.0,1,0.9095161384282369,0.7956142480480145,0.018899019917274607,-0.7302637593708029,0.663804617743492,-4.8758440901942705e-05,0.38939547582831674
116,580.0,1,0.8672852198288648,0.8513898769055319,0.015134290511659865,-0.7866263105024318,0.5973926789709699,-4.735671930154196e-05,0.37132672062423966
117,585.0,1,0.8219071304916045,0.9036684037846198,0.011284283430722516,-0.8369530882411099,0.5263965600662219,-4.559161291911164e-05,0.3568096679574808
118,590.0,1,0.7736055839823853,0.9523074994162269,0.007380873143189673,-0.8808768493262755,0.4513728980578222,-4.347769519864307e-05,0.3472672730053784
119,595.0,1,0.7226210474309734,0.9971895430177514,0.0034655970511808026,-0.9180831408454216,0.3729067023836602,-4.1032203209587954e-05,0.34399008464758035
120,600.0,1,0.6692049134026781,1.0382261652417768,-0.00040941879580252624,-0.9483122711117675,0.2916061040410426,-3.827486005933642e-05,0.347874631705275
121,605.0,1,0.6136097321098937,1.0753650045556251,-0.0041822365767402924,-0.9713607208287351,0.20809701728738808,-3.5227678432013876e-05,0.3592113415970437
122,610.0,1,0.5560746383326569,1.1085955504104135,-0.007788191633186609,-0.9870820031639157,0.12301777861345256,-3.191474832668478e-05,0.3776355651901057
123,615.0,1,0.4968093028807432,1.137947391550977,-0.011178471112690038,-0.9953869893459927,0.037013823599777486,-2.8362012102196683e-05,0.4022616495936662
124,620.0,1,0.4359875901928234,1.163471431911872,-0.014350240971863305,-0.9962437233138518,-0.0492675428336236,-2.4597029897726508e-05,0.4319125401651579
125,625.0,1,0.3737673953473629,1.1851982207137481,-0.017373249003702452,-0.9896767546846896,-0.13518223311670244,-2.0648738395711687e-05,0.46533900077704277
126,630.0,1,0.310340520693215,1.2030829997179855,-0.02037866647632002,-0.9757660238182572,-0.22009427732550285,-1.6547205736866595e-05,0.5013714893615967
127,635.0,1,0.24597561799597167,1.216969225322728,-0.02348172837296371,-0.9546453360378645,-0.3033805003410112,-1.232338519592994e-05,0.5389841467738643
128,640.0,1,0.18098332371676784,1.2266065280780416,-0.026676449935078908,-0.9265004641695495,-0.38443494574642156,-8.008869992596019e-06,0.5772653689289161
129,645.0,1,0.11559662617823145,1.2317227724448758,-0.02982732809181016,-0.8915669195589828,-0.4626730227942887,-3.6356513554675635e-06,0.6153437436933286
130,650.0,1,0.04991749294168038,1.2321033595249435,-0.03281823111715438,-0.8501274317294082,-0.5375353588997781,7.641183119253928e-07,0.6523966143235869
131,655.0,1,-0.015940085646251045,1.2276315007675271,-0.03566060990274727,-0.802509175981061,-0.6084913457764548,5.158355585673106e-06,0.6877847320428065
132,660.0,1,-0.08143929123892488,1.2186414490064827,-0.03836931331542278,-0.7490807866427074,-0.6750423724255944,9.515268185601144e-06,0.7215498044706933
133,665.0,1,-0.1465346582874223,1.204874664015278,-0.04072771118175057,-0.6902491915140118,-0.7367247426489625,1.3803568092054897e-05,0.7530173839929359
134,670.0,1,-0.21102464144075508,1.1861301522764565,-0.042917849638207516,-0.626456300426641,-0.7931122785385815,1.7992674794693342e-05,0.7817751779292224
135,675.0,1,-0.27462332494287994,1.1623758215512172,-0.04492671730447597,-0.5581755779398373,-0.8438186144907501,2.2052908066680235e-05,0.8075824733682287
136,680.0,1,-0.33703184700568056,1.133583998719133,-0.04674088194899995,-0.4859085271007319,-0.8884991887035176,2.5955669846429275e-05,0.8302380228269869
137,685.0,1,-0.39793609953129344,1.0997326720952445,-0.048346428811885715,-0.41018110805600455,-0.9268529408739432,2.9673614970645187e-05,0.8495738068737455
138,690.0,1,-0.4570042494533333,1.0608071133808483,-0.04972890226387304,-0.33154011220226376,-0.9586237259542271,3.318081063582036e-05,0.8654500003916593
139,695.0,1,-0.5138840691814784,1.0168019642497967,-0.05087325270816247,-0.25054950959486666,-0.9836014544066238,3.6452884570560825e-05,0.8777511201667537
140,700.0,1,-0.5682000716782805,0.9677238954042531,-0.051763791626437565,-0.16778678457467538,-1.0016229694748218,3.9467161978671754e-05,0.8863833841021311
141,705.0,1,-0.6195504590934541,0.9135949738708186,-0.05238415903761595,-0.08383927206006708,-1.0125726716322212,4.220279136472793e-05,0.8912733757663146
142,710.0,1,-0.6675039153281519,0.8544569081563317,-0.052717309514951384,0.0006994951814107009,-1.016382899627349,4.464085937864997e-05,0.8923681912579458
143,715.0,1,-0.7115963063043196,0.7903763811818809,-0.05274552547467598,0.08523341989849877,-1.0130340765307977,4.6764494823081315e-05,0.8896373591689241
144,720.0,1,-0.7513274026443185,0.7214517275205875,-0.052450469938967494,0.16916744732659555,-1.0025546278979218,4.855896194700921e-05,0.8830769821640021
145,725.0,1,-0.7861578157301534,0.6478212627977876,-0.05181329567246718,0.2519111398754178,-0.9850206777402798,5.001174311742144e-05,0.8727167675800331
146,730.0,1,-0.8155064503599728,0.5696736248320833,-0.05081483382090242,0.33288221428387355,-0.9605555264520201,5.111261091000629e-05,0.8586309154678027
147,735.0,1,-0.83874893940512,0.4872605288933618,-0.049435893265886426,0.41151003626081395,-0.9293289132595876,5.185368959785177e-05,0.8409542370604163
148,740.0,1,-0.8552177550973497,0.4009123554992367,-0.04765771206400164,0.4872390674948073,-0.8915560642068175,5.2229505945133246e-05,0.8199053943904927
149,745.0,1,-0.8642050063536176,0.3110569467266007,-0.04546261443407981,0.5595322593904618,-0.8474965252148314,5.2237029134006454e-05,0.7958197466180726
150,750.0,1,-0.8649693465767647,0.2182418329379542,-0.042834939892909894,0.6278743869852669,-0.7974527784299124,5.1875699570427006e-05,0.7691947949917435
151,755.0,1,-0.8567489305794421,0.12315976264561151,-0.0397623228788724,0.691775315275029,-0.7417686389248733,5.1147446231303275e-05,0.7407511530478406
152,760.0,1,-0.8387829321231869,0.02667674313366815,-0.036237406367833486,0.7507731885325671,-0.6808274279985695,5.0056692135207806e-05,0.7115101574567019
153,765.0,1,-0.810344643827393,-0.07013933583330903,-0.032260062028660524,0.8044375314370084,-0.6150499186951838,4.861034744404792e-05,0.6828832288360567
154,770.0,1,-0.7713009483638695,-0.16657757750668703,-0.027594881047034284,0.852372248633094,-0.5448920490393099,4.6817789638543615e-05,0.6560238858532804
155,775.0,1,-0.7215833713990477,-0.26145547237542155,-0.022516744177877863,0.8942185070806048,-0.47084239868640965,4.4690830158610285e-05,0.6327689226609481
156,780.0,1,-0.660896053920892,-0.3531782999955003,-0.017130877384439223,0.929657483100232,-0.3934194254016442,4.224366686515427e-05,0.6157001977008385
157,785.0,1,-0.5892945071749205,-0.43998122742051504,-0.011549662511865101,0.9584129535221825,-0.313168458992825,3.949282166587902e-05,0.607484616763273
158,790.0,1,-0.5072725653866961,-0.5200403452069745,-0.005887616091220221,0.9802537078607052,-0.23065845208232316,3.645706265823028e-05,0.6103506490276898
159,795.0,1,-0.41580614365562685,-0.5916282148300629,-0.0002538665316076643,0.994995756065642,-0.14647848943109862,3.315731018111246e-05,0.6254937647957197
160,800.0,1,-0.31632746849045795,-0.6532902309469147,0.005257205044447627,1.0025043042428072,-0.061234060437132115,2.961652623672593e-05,0.6527126011756207
161,805.0,1,-0.2106199136532963,-0.7040014974280552,0.01057517990480552,1.00269546889895,0.02445689708422149,2.5859586847569157e-05,0.6904978238411885
162,810.0,1,-0.10065070139541495,-0.7432619634299895,0.015659900097992487,0.9955376988711002,0.10996816969205324,2.1913137053449063e-05,0.736500395073233
163,815.0,1,0.01161775563853612,-0.7711058293229804,0.020502454218436775,0.9810528732649081,0.19466964099195452,1.7805428430492912e-05,0.7880980468121701
164,820.0,1,0.12439187303865153,-0.7880309799170988,0.02511995633281654,0.9593170435722101,0.2779318425129137,1.3566139228796064e-05,0.8428259001568801
165,825.0,1,0.2361555104103039,-0.7948781221858863,0.0295450757369115,0.9304607887793077,0.35913065578805264,9.226177476373546e-06,0.8986012907170449
166,830.0,1,0.3457165213485465,-0.7926959435599347,0.03381263335489311,0.8946691538180795,0.4376521330949541,4.817467681830642e-06,0.9537852706222568
167,835.0,1,0.4522034162609794,-0.7826197795211579,0.03794615141623364,0.8521811442381361,0.5128973987003418,3.727220823587918e-07,1.0071520323544383
168,840.0,1,0.5550315311301743,-0.7657767530251025,0.04194724704377069,0.8032887535514258,0.5842875869508692,-4.0748022787598465e-06,1.057822621732603
169,845.0,1,0.6538557937412828,-0.7432187170775011,0.04579046808475686,0.7483355043511234,0.6512687683538713,-8.491559007839174e-06,1.1051954888038917
170,850.0,1,0.7485208005524759,-0.7158788583015485,0.04942556946626048,0.6877144900262145,0.7133168101117555,-1.2843978353260418e-05,1.1488875555156008
171,855.0,1,0.8390128937212763,-0.6845475094780614,0.05278806007237697,0.6218659106311215,0.7699421136315459,-1.7098741384262742e-05,1.1886877688571797
172,860.0,1,0.9254102283582497,-0.6498798241807858,0.05588251547388298,0.5512741041259498,0.8206941685476459,-2.1223059668952298e-05,1.2245172054721343
173,865.0,1,1.0078648134768486,-0.6123895560271692,0.058764032938307946,0.4764640826307354,0.8651658609768309,-2.5184957458189082e-05,1.2564141304441325
174,870.0,1,1.0865476277870243,-0.5725049104315052,0.06142880049285668,0.39799759233814286,0.9029974732549246,-2.895355311961914e-05,1.2844445843570194
175,875.0,1,1.1616278939399802,-0.5306065150831258,0.06386766465004819,0.31646872506334345,0.9338803134305861,-3.249933636043534e-05,1.3086774101575465
176,880.0,1,1.2332765284194125,-0.48702792388807514,0.0660925870687099,0.23249911879774848,0.9575599154138379,-3.5794437640403615e-05,1.3291954428477744
177,885.0,1,1.3016647580102774,-0.44206034752494916,0.06813837202114928,0.14673279376742757,0.9738387549377729,-3.881288611840071e-05,1.3460968619581102
178,890.0,1,1.366957866317964,-0.3959689774904142,0.07004928813432151,0.05983067907131714,0.9825784323666236,-4.153085250331535e-05,1.3594835580471558
179,895.0,1,1.4293132697588051,-0.34900180207744036,0.0718492136831303,-0.02753510739175982,0.9837012807895589,-4.392687330026207e-05,1.3694550422984422
180,900.0,1,1.488887441753321,-0.30135937698734927,0.07352046675695095,-0.11468715645105225,0.9771913665917143,-4.598205315143805e-05,1.3761357934369711
181,905.0,1,1.545829366407268,-0.25318941182192384,0.07506736427134804,-0.200948768456297,0.9630948596058059,-4.768024227357016e-05,1.3796904605844085
182,910.0,1,1.600277215951475,-0.20462223489831272,0.07650127947262686,-0.28564997975170603,0.9415197606870037,-4.9008186374264826e-05,1.3803035758699362
183,915.0,1,1.652360575497478,-0.15576954615017968,0.07783022343510207,-0.36813353577238117,0.9126349858284729,-4.9955646884911745e-05,1.378187483967258
184,920.0,1,1.7022007902216845,-0.10672664814915006,0.07905980516580059,-0.44776073211790623,0.8766688173655007,-5.0515489860741624e-05,1.373588919958827
185,925.0,1,1.74991130725416,-0.057574602480763515,0.08019411077916601,-0.523917047298222,0.8339067440370296,-5.068374245413158e-05,1.3667962628743295
186,930.0,1,1.79559804452052,-0.008382257096787839,0.08123641030285328,-0.5960174950351641,0.7846887223170134,-5.04596164470364e-05,1.358147541473901
187,935.0,1,1.83935979596032,0.040791909990926495,0.08218967052829006,-0.6635116298629146,0.7294059011732914,-4.984549891367048e-05,1.3480391629284574
188,940.0,1,1.8812886665767825,0.08989816719188681,0.0830568917679602,-0.7258881471727722,0.6684968609003547,-4.8846910656070964e-05,1.336935149730544
189,945.0,1,1.9214705227107973,0.138894140334262,0.08384130321100539,-0.7826790273324402,0.6024434237865336,-4.747243359541289e-05,1.3253763944248427
190,950.0,1,1.9599854410079167,0.18774365358036324,0.08454645388297839,-0.8334631830102907,0.5317660997823038,-4.573360879447937e-05,1.3139890623757642
191,955.0,1,1.9969081413799044,0.23641578243541242,0.08517623063487874,-0.8778695787934284,0.4570192340746085,-4.364480721829758e-05,1.3034907897028731
192,960.0,1,2.032308392878798,0.28488409323953606,0.0857348257742375,-0.9155798023969827,0.37878592543031253,-4.1223075700135317e-05,1.2946927741864014
193,965.0,1,2.066251385531698,0.33312603971571303,0.08622666784442884,-0.9463300768387279,0.2976727844270428,-3.848796086192275e-05,1.2884953488419042
194,970.0,1,2.0987980652005183,0.38112248558076856,0.08665632136787953,-0.9699127126078639,0.21430459934066445,-3.546131393827359e-05,1.2858743679314013
195,975.0,1,2.130005432249384,0.4288573214818534,0.08702835608735285,-0.9861770078239785,0.12931897466836856,-3.216707957164625e-05,1.28785602824094
196,980.0,1,2.1599268082649883,0.47631714371670564,0.08734718403727304,-0.9950296124466003,0.04336100323737674,-2.863107168591882e-05,1.2954789203419086
197,985.0,1,2.1886120783475485,0.5234909611380516,0.08761686422790704,-0.9964343795948335,-0.04292197218710681,-2.4880739512542595e-05,1.3097443165945268
198,990.0,1,2.2161079194853763,0.5703698959067032,0.08784088034020632,-0.9904117328631058,-0.1288854576770652,-2.0944926745484455e-05,1.3315586961958215
199,995.0,1,2.2424580278571886,0.6169468447351169,0.08802190688255897,-0.9770375831203443,-0.21389272348997349,-1.685362664783947e-05,1.3616754454899698
200,1000.0,1,2.267703358779999,0.6632160721144668,0.08816159340149177,-0.9564418316526146,-0.29731949875761193,-1.2637735734825019e-05,1.40064431905753
201,1005.0,1,2.2918823912192856,0.7091727184336187,0.08826041300974752,-0.9288064986947772,-0.37855841490725467,-8.328808425738755e-06,1.448776577389781
202,1010.0,1,2.315031894482747,0.7548105795975374,0.08831980421281817,-0.8943635174726058,-0.45702317368108536,-3.958814802136035e-06,1.5061307664447836
203,1015.0,1,2.337187457078292,0.8001208112180803,0.08834428543257325,-0.8533922339495957,-0.5321524217735877,4.4009665873597086e-07,1.5725196093108995
204,1020.0,1,2.358382698229134,0.8450952575306157,0.08833753823382769,-0.8062166516689563,-0.603413319805007,4.835829777972825e-06,1.6475335630691388
205,1025.0,1,2.3786494072881297,0.889726462851341,0.08830248594747478,-0.7532024595400107,-0.6703047984879876,9.196563466258081e-06,1.7305756231767027
206,1030.0,1,2.3980176679509877,0.9340076734145112,0.0882413783000707,-0.6947538782843133,-0.7323604993517424,1.3490965537261463e-05,1.8209014151556642
207,1035.0,1,2.416515970300994,0.9779328296685986,0.08815587818392402,-0.6313103586733753,-0.7891514012223932,1.768839670586077e-05,1.9176597974701466
208,1040.0,1,2.4341713130811686,1.0214965497588124,0.0880471474588573,-0.5633431617955419,-0.8402881368024196,2.175910414964666e-05,2.0199309653502064
209,1045.0,1,2.4510092980403546,1.0646941053369168,0.08791592938893436,-0.49135184851263064,-0.8854230061537167,2.56744042028885e-05,2.126760589126927
210,1050.0,1,2.467054217739635,1.1075213910654385,0.087762625963319,-0.4158607021240018,-0.9242516956927339,2.9406853915760776e-05,2.2371895074883272
211,1055.0,1,2.4823291378313463,1.1499748892654784,0.08758736891702987,-0.33741510515000234,-0.9565147124925584,3.293041134713835e-05,2.350278944274679
212,1060.0,1,2.496855974527969,1.1920516311336897,0.08739008374866046,-0.25657788816676735,-0.9819985443069645,3.622058456654007e-05,2.4651313222673332
213,1065.0,1,2.5106555677531284,1.2337491558571563,0.08717054642773996,-0.17392566584688735,-1.000536555844105,3.925456942035121e-05,2.580906723676334
214,1070.0,1,2.5237477503016454,1.275065468811767,0.08692843279814451,-0.09004517282590102,-1.012009631490488,4.201137617117833e-05,2.696835042443706
215,1075.0,1,2.5361514132196192,1.315998999861617,0.08666336092259852,-0.00552960986106857,-1.0163465739696562,4.4471945145590395e-05,2.8122239478345845
216,1080.0,1,2.547884567538939,1.3565485626002827,0.08637492678540787,0.07902499121609988,-1.013524267426113,4.661925153464785e-05,2.9264629226189456
217,1085.0,1,2.5589644024543974,1.3967133152014324,0.08606273388559144,0.1630233766233341,-1.0035676121475237,4.843839947236737e-05,3.039023807778638
218,1090.0,1,2.5694073400077513,1.4364927233842553,0.0857264173201155,0.2458746478762178,-0.9865492367288184,4.9916705487071344e-05,3.149458429985659
219,1095.0,1,2.579229086335054,1.4758865258537208,0.08536566298618137,0.32699580187611654,-0.9625889919397014,5.1043771370732655e-05,3.257393974439825
220,1100.0,1,2.5884446795358764,1.514894702449369,0.08498022253090576,0.4058152288504038,-0.9318532289801472,5.1811546450219475e-05,3.362526782277551
221,1105.0,1,2.5970685342314823,1.5535174451300193,0.08456992465372923,0.48177616305154636,-0.8945538632483778,5.2214379172994115e-05,3.4646152058220823
222,1110.0,1,2.6051144828903663,1.5917551318350203,0.08413468332787923,0.5543400806242375,-0.8509472232649521,5.224905784144607e-05,3.563472064743122
223,1115.0,1,2.612595814011536,1.629608303194079,0.0836745034575105,0.6229900381732587,-0.8013326830576344,5.1914840247711434e-05,3.658957133213095
224,1120.0,1,2.6195253072669993,1.6670776420054063,0.0831894844310252,0.6872339443624588,-0.7460510751486201,5.1213471877472866e-05,3.7509699713071414
225,1125.0,1,2.6259152657141427,1.704163955363714,0.08267982197188156,0.746607755258756,-0.6854828804401608,5.014919227069324e-05,3.839443306716751
226,1130.0,1,2.6317775451956362,1.7408681592932054,0.08214580862845623,0.8006785823811999,-0.6200461906520521,4.872872905191423e-05,3.924337082996505
227,1135.0,1,2.637123581049055,1.7771912657238815,0.08158783318606064,0.8490477002396805,-0.5501944388048914,4.696127907731167e-05,4.005633220804468
228,1140.0,1,2.641964412250768,1.8131343716401271,0.08100637922828804,0.8913534378974856,-0.4764138934167621,4.485847609288008e-05,4.083331088295787
229,1145.0,1,2.646310703119145,1.8486986502267158,0.08040202302229778,0.9272739366468822,-0.399220912757381,4.243434426213841e-05,4.157443643419045
230,1150.0,1,2.6501727627012683,1.88388534383738,0.07977543085390443,0.9565297533884773,-0.3191589566780127,3.970523690619246e-05,4.227994190986697
231,1155.0,1,2.6535605619656666,1.9186957586134314,0.07912735589366783,0.9788862868177594,-0.23679535525324438,3.668975980759296e-05,4.295013687650146
232,1160.0,1,2.6564837489216933,1.9531312605833142,0.0784586346346588,0.9941560011384986,-0.15271783575678877,3.340867846576429e-05,4.358538525296438
233,1165.0,1,2.6589516617846893,1.9871932730773685,0.07777018290620805,1.002200419844164,-0.06753081235952173,2.9884808759088838e-05,4.418608725446382
234,1170.0,1,2.660973340305569,2.0208832752945884,0.07706299143571643,1.0029318602446362,0.018148553618339894,2.6142890569854865e-05,4.4752664821031125
235,1175.0,1,2.6625575353845354,2.0542028018590672,0.07633812090253082,0.9963148779831553,0.10369451107027057,2.2209444065357613e-05,4.528554996826588
236,1180.0,1,2.6637127170918085,2.0871534432025984,0.07559669640406429,0.9823673899078144,0.18847707774036745,1.811260850281987e-05,4.5785175566706675
237,1185.0,1,2.664447081223953,2.1197368466061524,0.07483990123496047,0.9611614434534169,0.2718665788383625,1.3881963637714612e-05,4.625196812421395
238,1190.0,1,2.6647685545330737,2.151954717726424,0.07406896986550204,0.9328236012685069,0.3532383390329206,9.548334063484096e-06,4.668634220963433
239,1195.0,1,2.6646847987779987,2.183808822424282,0.0732851799961203,0.8975349112936293,0.43197749569119875,5.143577093049286e-06,4.708869621390349
240,1200.0,1,2.664203213761798,2.2153009886998327,0.07248984356141001,0.855530434948003,0.5074838956209582,7.003551047116895e-07,4.745940919588649
241,1205.0,1,2.663330939538544,2.2464331085242346,0.07168429656027606,0.8070983095764701,0.5791770320541698,-3.7481063888528402e-06,4.779883860461826
242,1210.0,1,2.6620748579939226,2.277207139341873,0.07086988759965676,0.7525783258794423,0.6465009733835472,-8.168273337528898e-06,4.810731870757576
243,1215.0,1,2.6604415940287844,2.30762510499875,0.0700479650587155,0.6923600066908349,0.7089292304375494,-1.2526568446609426e-05,4.838515958679626
244,1220.0,1,2.6584375166012806,2.3376890958349685,0.06921986280956365,0.6268801801343727,0.7659695050757412,-1.6789644840730622e-05,4.86326465917617
245,1225.0,1,2.6560687399110012,2.3674012676621845,0.06838688447057661,0.5566200477822557,0.8171682598245426,-2.0924665435672705e-05,4.885004016071909
246,1230.0,1,2.6533411250361536,2.396763839332398,0.0675502862202154,0.48210175681676953,0.8621150463626088,-2.489958504591327e-05,4.903757594120095
247,1235.0,1,2.6502602823606387,2.425779088594159,0.06671125826381587,0.4038844941625026,0.9004465300901969,-2.8683431989717008e-05,4.919546515659473
248,1240.0,1,2.646831575149715,2.4544493459282903,0.06587090512359312,0.32256012987539573,0.9318501489290258,-3.224658574328647e-05,4.932389517927185
249,1245.0,1,2.6430601246481675,2.4827769860597972,0.06503022501321022,0.2387484464646863,0.9560673470026295,-3.556104705318945e-05,4.942303028255618
250,1250.0,1,2.638950817080414,2.5107644168584335,0.06419008866211788,0.1530920000220777,0.9728963279789155,-3.860069685059817e-05,4.949301255417195
251,1255.0,1,2.634508312924263,2.5384140653700564,0.06335121807008451,0.0662506675396149,0.9821942786439737,-4.134154033644641e-05,4.953396296316776
252,1260.0,1,2.6297370588051816,2.565728360767366,0.0625141657964405,-0.021104057253454527,0.9838790205169397,-4.3761932710987956e-05,4.954598258111241
253,1265.0,1,2.6246413023118507,2.5927097140746174,0.06167929551779089,-0.10829495085572778,0.9779300560462969,-4.5842783234001716e-05,4.952915396691141
254,1270.0,1,2.6192251099622923,2.6193604946089537,0.06084676471701295,-0.19464505579705593,0.9643889857085638,-4.756773458933831e-05,4.948354273330733
255,1275.0,1,2.6134923884490724,2.645683003193149,0.060016510488210335,-0.2794837079103098,0.9433592830457622,-4.892331490644051e-05,4.940919932230356
256,1280.0,1,2.6074469091586407,2.6716794423319055,0.05918823954800639,-0.36215251605389565,0.9150054259186772,-4.989906024070846e-05,4.9306161026794575
257,1285.0,1,2.601092335791561,2.6973518837064137,0.05836142362222042,-0.4420112155431806,0.8795513936850765,-5.048760582389235e-05,4.9174454306854924
258,1290.0,1,2.594432254706588,2.7227022335278988,0.05753530141579201,-0.5184433187492502,0.8372785512611545,-5.068474494866224e-05,4.901409746190149
259,1295.0,1,2.5874702073740075,2.747732196496512,0.05670888835839948,-0.5908614903770938,0.7885229517247807,-5.0489454930165415e-05,4.88251037345567
260,1300.0,1,2.580209724057245,2.7724432393306753,0.0558809952331165,-0.6587125807033538,0.7336720989229571,-4.9903890172730544e-05,4.860748493899191
261,1305.0,1,2.5726543575551517,2.7968365550542633,0.05505025662507639,-0.7214822572655687,0.6731612201997426,-4.893334294352305e-05,4.836125572607194
262,1310.0,1,2.5648077155440125,2.820913029441827,0.05421516985704892,-0.7786991840809101,0.6074691064561165,-4.75861729970847e-05,4.808643862027523
263,1315.0,1,2.5566734897766397,2.8446732112088418,0.053374144697583864,-0.8299387066965527,0.5371135824475232,-4.587370769245414e-05,4.778306998937955
264,1320.0,1,2.5482554801498947,2.8681172876748398,0.052525563628554,-0.8748260114798941,0.4626466739615263,-4.381011468007472e-05,4.745120713767594
265,1325.0,1,2.539557611470572,2.891245067699668,0.05166785184378986,-0.9130387376737524,0.38464954066954227,-4.141224960190344e-05,4.7090936747250645
266,1330.0,1,2.530583940665902,2.914055973672925,0.05079955543063274,-0.9443090308630134,0.3037272438061275,-3.869948153578764e-05,4.670238492981212
267,1335.0,1,2.5213386522342685,2.9365490442002784,0.04991942538613816,-0.9684250361914132,0.22050341659579914,-3.5693499121362884e-05,4.6285729193620515
268,1340.0,1,2.5118260399485997,2.9587229488571523,0.0490265042787763,-0.9852318386929766,0.13561490265663004,-3.241810042903733e-05,4.584121267598839
269,1345.0,1,2.5020504732392252,2.980576015955612,0.04812021154014995,-0.9946318662396637,0.0497064236643323,-2.8898969678975784e-05,4.536916104080937
270,1350.0,1,2.4920163473151367,3.002106273689273,0.04720042263012138,-0.9965847776885232,-0.036574667409714434,-2.516344388901077e-05,4.487000249119711
271,1355.0,1,2.4817280169382125,3.0233115042918444,0.04626753674596857,-0.9911068647270497,-0.12258349692199218,-2.124027243690526e-05,4.434429139708289
272,1360.0,1,2.4711897148296456,3.044189309991947,0.04532252743220099,-0.9782700006074833,-0.20768260075561704,-1.7159372372794495e-05,4.3792736082445165
273,1365.0,1,2.46040545692275,3.064737188612508,0.04436697048230345,-0.9582001724230945,-0.2912466363733473,-1.2951582122399338e-05,4.321623135030293
274,1370.0,1,2.4493789380158657,3.0849526157081275,0.04340304398613178,-0.9310756358501066,-0.37266684563215663,-8.648415991591655e-06,4.2615896335827275
275,1375.0,1,2.4381134227307073,3.104833129235201,0.042433496323984375,-0.8971247324331443,-0.4513552437577127,-4.281821628922524e-06,4.199311825418234
276,1380.0,1,2.426611637929598,3.1243764119956614,0.04146157936376394,-0.8566234096346358,-0.5267485160595884,1.1605766487598724e-07,4.13496025285065
277,1385.0,1,2.414875689651787,3.1435803994419067,0.04049088862280908,-0.8098924831246305,-0.5983116097040689,4.513114163216289e-06,4.068742996237781
278,1390.0,1,2.402908383004811,3.162445358764979,0.03952129595478162,-0.7572946792957658,-0.6655410130440643,8.877499126210838e-06,4.00091431382845
279,1395.0,1,2.3907124613559505,3.1809715245191827,0.03855267457632208,-0.6992314938927207,-0.7279677195615168,1.3177837306160793e-05,3.931779242777802
280,1400.0,1,2.378290608296135,3.1991590985427787,0.03758489907953661,-0.6361399000904369,-0.7851598773621418,1.7383431691850187e-05,3.8617010846807704
281,1405.0,1,2.3656454495329897,3.217008249869878,0.03661784544382072,-0.568488936479468,-0.8367251283574476,2.1464457855042077e-05,3.7911091968687285
282,1410.0,1,2.352779554716503,3.2345191146329215,0.03565139104710905,-0.4967762023490179,-0.8823126437802935,2.5392147455230687e-05,3.7205067148725592
283,1415.0,1,2.3396954392006104,3.25169179595516,0.03468541467663493,-0.4215242845166241,-0.9216148645312346,2.9138960624353742e-05,3.6504776298854305
284,1420.0,1,2.3263955657438293,3.2685263638325712,0.03371979653927866,-0.3432771368417585,-0.954368956083166,3.267874709076366e-05,3.58169239245464
285,1425.0,1,2.3128823461519237,3.2850228550046623,0.03275441827157889,-0.26259643056850235,-0.9803579883317789,3.598689601110333e-05,3.5149109203928792
286,1430.0,1,2.2991581428654264,3.3011812728136336,0.031789162949477666,-0.18005789084849716,-0.9994118509269381,3.9040474560260086e-05,3.4509815854542163
287,1435.0,1,2.28522527049472,3.3170015870513745,0.030823915097865705,-0.09624763223815176,-1.011407914323948,4.1818355385259454e-05,3.3908344998416373
288,1440.0,1,2.271085997305238,3.332483733793789,0.0298585606999916,-0.011758503790839732,-1.01627144610149,4.430133305694663e-05,3.3354673175291882
289,1445.0,1,2.2567425466552433,3.3476276152219406,0.0288929872067954,0.07281354763446565,-1.0139757911217746,4.647222966436644e-05,3.285921939724907
290,1450.0,1,2.242197098388511,3.3624330994295146,0.027927083546224647,0.15687308861762866,-1.0045423228436976,4.831598967858826e-05,3.243251116198595
291,1455.0,1,2.2274517901841615,3.3769000202161035,0.026960740132588493,0.2398287789584777,-0.9880401717027054,4.981976418399875e-05,3.208475076823172
292,1460.0,1,2.2125087188657653,3.3910281768658077,0.025993848876003537,0.32109691467092977,-0.964585734933973,5.097298452620845e-05,3.182530008100683
293,1465.0,1,2.1973699416717754,3.4048173339106502,0.02502630319198332,0.40010492919533364,-0.9343419706397335,5.1767425365372626e-05,3.166212204664596
294,1470.0,1,2.1820374774892417,3.4182672208782936,0.024057998011221816,0.47629484775668746,-0.8975174773381586,5.219725705300381e-05,3.160123630625581
295,1475.0,1,2.166513308052688,3.431377532023542,0.023088829789620024,0.5491266893277832,-0.8543653587423375,5.225908717240177e-05,3.1646257999699094
296,1480.0,1,2.1507993791099578,3.4441479260431,0.02211869651860377,0.6180818098104152,-0.8051818721636271,5.195199100064799e-05,3.17980874000273
297,1485.0,1,2.1348976015567693,3.4565780257730445,0.021147497735779865,0.6826661788386328,-0.7503048577794155,5.127753056695862e-05,3.2054800661736182
298,1490.0,1,2.1188098525416525,3.4686674178684607,0.020175134535977288,0.7424135811267943,-0.6901119450512028,5.0239761900513774e-05,3.2411761328008413
299,1495.0,1,2.1025379765428815,3.4804156524646648,0.019201509582719548,0.7968887313283627,-0.6250185320857242,4.884522998666703e-05,3.2861936088447665
300,1500.0,1,2.086083786418966,3.4918222428194263,0.018226527120174172,0.8456902894895945,-0.5554755333276773,4.7102950882148456e-05,3.339636662776802
301,1505.0,1,2.069449064434207,3.502886664935579,0.017250092985625236,0.8884537617243956,-0.48196689128558207,4.5024380387593936e-05,3.400473037821281
302,1510.0,1,2.052635563260785,3.513608357163383,0.016272114622515012,0.9248542684090229,-0.4050068485476077,4.2623368637591815e-05,3.467591977497323
303,1515.0,1,2.035645006958795,3.5239867197819783,0.015292501094101118,0.9546091596681623,-0.32513697750399856,3.991609995147437e-05,3.539858005731856
304,1520.0,1,2.018479091935607,3.534021114559241,0.014311163097776091,0.9774804554364196,-0.24292296686676756,3.692101729476066e-05,3.616156420178024
305,1525.0,1,2.001139487885895,3.5437108642893196,0.013328012980097052,0.9932770849847251,-0.15895116632069184,3.3658730735327596e-05,3.6954284038804155
306,1530.0,1,1.9836278387136426,3.553055252307103,0.012342964752573966,1.001856898603727,-0.07382489346320273,3.0151909343323585e-05,3.7766954305039726
307,1535.0,1,1.9659457634373874,3.5620535219788234,0.011355934108266186,1.0031284222454233,0.01183948940775561,2.6425156082384324e-05,3.8590738939632603
308,1540.0,1,1.948094857079956,3.570704876167985,0.010366838439238227,0.997052324456045,0.09741671713972583,2.2504865374087835e-05,3.941781600083966
309,1545.0,1,1.9300766915438932,3.5790084766757486,0.009375596854927289,0.9836425640078517,0.18227696621225942,1.8419063189202037e-05,4.024138008034888
310,1550.0,1,1.9118928164737683,3.586963443654887,0.008382130201476753,0.9629671863755208,0.26579038094611535,1.4197229728441336e-05,4.105560043807278
311,1555.0,1,1.8935447601065185,3.594568854996386,0.007386361082091904,0.9351487377200904,0.3473317552351099,9.870105001245597e-06,4.1855550637189705
312,1560.0,1,1.8750340301109631,3.6018237456877453,0.006388213878476254,0.9003642664458024,0.4262853380803515,5.469477891118408e-06,4.26371222913822
313,1565.0,1,1.8563621144176135,3.6087271071420055,0.005387614773409339,0.8588448847716083,0.5020497255953947,1.0279596062416767e-06,4.339693234418854
314,1570.0,1,1.8375304820398974,3.6152778864965125,0.00438449177452935,0.8108748661755592,0.5740427966197339,-3.421257251315574e-06,4.413223047112578
315,1575.0,1,1.8185405838879303,3.6214749858804147,0.0033787747393867647,0.7567902590615266,0.6417066438225177,-7.84465241310527e-06,4.484081088938479
316,1580.0,1,1.799393853575986,3.6273172616498677,0.0023703954018379847,0.6969770025622214,0.704512447407896,-1.2208642524930836e-05,4.552093109671724
317,1585.0,1,1.7800917082248686,3.6328035235898835,0.0013592873998509575,0.6318685369853181,0.761965234469024,-1.647985428147841e-05,4.617123878473349
318,1590.0,1,1.7606355492604329,3.637932534081715,0.0003453863047978415,0.5619429089389271,0.8136084638994179,-2.062540347579755e-05,4.679070729562069
319,1595.0,1,1.7410267632095644,3.642703007234583,-0.0006713703476869518,0.4877193794978221,0.8590283747679864,-2.461317701294957e-05,4.7378579424390015
320,1600.0,1,1.7212667224949836,3.647113607980445,-0.0016910430252014806,0.4097545527029006,0.8978580353853628,-2.8412114667447482e-05,4.7934319029408705
321,1605.0,1,1.7013567862302728,3.65116295113037,-0.002713690164337956,0.32863805098815724,0.9297810310876117,-3.199248714931147e-05,4.845756973486962
322,1610.0,1,1.6812983010165463,3.654849600390932,-0.003739368134621115,0.24498777352355305,0.9545347311476122,-3.532616689590345e-05,4.894811993776205
323,1615.0,1,1.6610926017421785,3.658172067338892,-0.004768131200527919,0.15944478269013923,0.9719130792346643,-3.838688793489384e-05,4.940587333014032
324,1620.0,1,1.6407410123869821,3.661128810352279,-0.005800031481487488,0.07266787245535587,0.9817688575155958,-4.1150491183059494e-05,4.983082418742286
325,1625.0,1,1.6202448468322068,3.6637182334958855,-0.006835118909753817,-0.014672119547209343,0.9840153816182124,-4.3595151642668175e-05,5.0223036736088105
326,1630.0,1,1.5996054096777148,3.665938685359076,-0.00787344118603698,-0.10189818799880483,0.9786275923195656,-4.5701584163867034e-05,5.058262798683854
327,1635.0,1,1.5788239970676898,3.6677884578437396,-0.00891504373277115,-0.1883331502938575,0.9656425195221706,-4.745322472209974e-05,5.090975349405867
328,1640.0,1,1.5579018975262664,3.669265784900139,-0.009959969644890088,-0.27330567418066437,0.9451591047446556,-4.8836384532864844e-05,5.120459557435877
329,1645.0,1,1.5368403928045178,3.6703688412083313,-0.011008259637972556,-0.3561562636826307,0.9173373795654075,-4.9840374770375124e-05,5.146735358351322
330,1650.0,1,1.5156407587403136,3.671095740802764,-0.01205995199361162,-0.4362431244720596,0.8823970088886645,-5.045760016212026e-05,5.169823591092412
331,1655.0,1,1.4943042661326469,3.6714445356375225,-0.013115082501852624,-0.5129478319283275,0.8406152191777756,-5.068362028167979e-05,5.1897453403521885
332,1660.0,1,1.4728321816321297,3.671413214089609,-0.014173684400535016,-0.5856807290339903,0.7923241425529949,-5.051717793954555e-05,5.2065213976950355
333,1665.0,1,1.451225768649459,3.67099969939747,-0.015235788311362682,-0.6538859869104833,0.7379076175319071,-4.9960194657218495e-05,5.220171821147573
334,1670.0,1,1.4294862882837693,3.670201848031841,-0.016301422172516344,-0.7170462679083075,0.6777974959387177,-4.901773378498002e-05,5.230715576395072
335,1675.0,1,1.4076150002728978,3.6690174479958033,-0.01737061116760934,-0.7746869396665127,0.6124695127226496,-4.769793236876915e-05,5.2381702456060895
336,1680.0,1,1.3856131639677083,3.6674442170507455,-0.018443377650775142,-0.8263797977341022,0.5424387812344419,-4.601190337314178e-05,5.2425517923677685
337,1685.0,1,1.3634820393327463,3.6654798008647296,-0.019519741067660686,-0.8717462644129798,0.4682549803831026,-4.3973610307739195e-05,5.243874373305573
338,1690.0,1,1.3412228879756265,3.663121771079535,-0.020599717872084405,-0.9104600415976997,0.39049730237126934,-4.159971667634065e-05,5.24215018875656
339,1695.0,1,1.3188369742076982,3.6603676232924256,-0.021683321438101207,-0.9422492055254301,0.3097692301915517,-3.890941296114365e-05,5.2373893663976006
340,1700.0,1,1.2963255661386845,3.6572147749484327,-0.022770561967198833,-0.9668977410810782,0.22669321294649702,-3.592422406715514e-05,5.229599873073723
341,1705.0,1,1.2736899368081604,3.6536605631386903,-0.02386144639033064,-0.9842465223855997,0.14190530446524122,-3.2667800281865764e-05,5.2187874512505985
342,1710.0,1,1.250931365356908,3.649702242300067,-0.024955978264468957,-0.9941937546046262,0.05604982682828592,-2.9165694856348065e-05,5.204955577579962
343,1715.0,1,1.228051138241392,3.6453369818110524,-0.026054157663340467,-0.9966948990780595,-0.030225884490239482,-2.5445131291122676e-05,5.1881054420508175
344,1720.0,1,1.2050505504948008,3.640561863478519,-0.027155981061980642,-0.9917621098753726,-0.11627660285446416,-2.1534763321122223e-05,5.168235947137628
345,1725.0,1,1.1819309070383461,3.635373878909655,-0.02826144121471755,-0.9794632146641263,-0.20146415531159687,-1.7464430448284673e-05,5.14534372728281
346,1730.0,1,1.158693524046749,3.6297699267629797,-0.029370527026166698,-0.959920276331244,-0.28516215184082555,-1.3264911678051822e-05,5.119423189998806
347,1735.0,1,1.1353397303721373,3.6237468098719656,-0.030483223414787163,-0.9333077741527361,-0.366760467428185,-8.967679888228381e-06,5.090466580875505
348,1740.0,1,1.1118708690308656,3.6173012322343667,-0.03159951116851544,-0.8998504445407748,-0.44566945189642004,-4.604659006100717e-06,5.058464075878036
349,1745.0,1,1.0882882987581102,3.610429795859896,-0.03271936679195649,-0.859820821609843,-0.5213238486296481,-2.0798590276026534e-07,5.02340390553903
350,1750.0,1,1.0645933956354445,3.6031289974684007,-0.03384276234457132,-0.8135365171204046,-0.5931864091051547,4.190221358207009e-06,4.985272517054606
351,1755.0,1,1.040787554797001,3.59539522503016,-0.03496966526925682,-0.7613572779170729,-0.6607511953708982,8.558087548669879e-06,4.944054781913794
352,1760.0,1,1.0168721922202486,3.5872247541393594,-0.03610003821066601,-0.703681856922092,-0.7235465672115896,1.286419546891603e-05,4.8997342585930355
353,1765.0,1,0.9928487466078942,3.578613744211172,-0.03723383882256485,-0.6409447312191211,-0.7811378546805438,1.7077791434581685e-05,4.8522935220883605
354,1770.0,1,0.9687186813679257,3.5695582344922334,-0.038371019563465225,-0.5736126979054952,-0.8331297199205329,2.1168980405743912e-05,4.8017145747074235
355,1775.0,1,0.9444834866993812,3.560054139873555,-0.039511527479712,-0.5021813753329532,-0.8791682147581982,2.5108910300967574e-05,4.7479793556774395
356,1780.0,1,0.9201446817920491,3.5500972464941674,-0.04065530397513404,-0.4271716342174366,-0.9189425424545054,2.8869945206750557e-05,4.691070370823685
357,1785.0,1,0.8957038171489806,3.539683207122929,-0.0418022845662955,-0.34912597998093897,-0.9521865332685089,3.242582733251923e-05,4.6309714679184175
358,1790.0,1,0.8711624770414415,3.528807536305044,-0.04295239862230225,-0.268604904691302,-0.9786798441896903,3.575182767247459e-05,4.567668788368617
359,1795.0,1,0.8465222821067518,3.5174656052588276,-0.044105569088029595,-0.18618322410628513,-0.9982488933912641,3.8824885421055085e-05,4.501151931762853
360,1800.0,1,0.8217848921003601,3.5056526365072145,-0.0452617121895397,-0.1024464129192029,-1.0107675396435052,4.1623736239733876e-05,4.431415376458669
361,1805.0,1,0.7969520088144915,3.49336369822732,-0.046420737120349886,-0.01798694877096213,-1.0161575163545196,4.412902951579672e-05,4.358460206826471
362,1810.0,1,0.7720253791768035,3.480593698300124,-0.04758254570709503,0.06659932601632744,-1.014388628837846,4.632343475009367e-05,4.282296205835388
363,1815.0,1,0.7470067985436883,3.467337378040965,-0.04874703205299713,0.15071681777820187,-1.0054787222503128,4.819173720699295e-05,4.202944380071914
364,1820.0,1,0.7218981142041918,3.4535893055900426,-0.049914082157412026,0.23377376379282616,-0.9894934262114123,4.9720922925889736e-05,4.12043999247896
